time/time_elapsed,time/fps,time/total_timesteps,time/iterations,rollout/ep_rew_mean,rollout/ep_len_mean,train/policy_gradient_loss,train/loss,train/clip_range,train/explained_variance,train/entropy_loss,train/std,train/value_loss,train/learning_rate,train/clip_fraction,train/approx_kl,train/n_updates
2,1464,10334208,1,51.67482376098633,567.2,,,,,,,,,,,
5,1442,10338304,2,34.86359786987305,484.57142857142856,-0.007021161101740743,0.15990539826953187,0.2,0.7931000590324402,8.990861537143482,0.08233283460140228,0.30740828315416974,0.0003,0.12386067708333333,0.021787399516986914,3
8,1438,10342400,3,48.2613525390625,550.05,-0.003991850001777983,0.1988905175207025,0.2,0.7098795771598816,8.991426920953515,0.08232871443033218,0.3687026798725128,0.0003,0.058837890625,0.008521955918924877,5
11,1400,10346496,4,46.47616958618164,529.4642857142857,-0.0030886899473168737,0.15570645037263708,0.2,0.7607111930847168,8.991943378224853,0.0823247954249382,0.27781298756599426,0.0003,0.07275390625,0.010376586297638338,7
14,1372,10350592,5,45.35749816894531,531.4,-0.0032201082808846564,0.14584760090463394,0.2,0.8219014406204224,8.992481876032898,0.08232009410858154,0.2641894221305847,0.0003,0.0587158203125,0.008853881398415721,9
17,1381,10354688,6,46.22450637817383,547.5,-0.0021161240181780602,0.23242953130413468,0.2,0.7629798650741577,8.99294716873199,0.08231798559427261,0.43313951790332794,0.0003,0.0833740234375,0.011211206119128214,11
20,1390,10358784,7,50.03464889526367,572.8125,-0.002508101435137044,0.15040355895244648,0.2,0.6981983184814453,8.993297930615158,0.08231707662343979,0.25337187200784683,0.0003,0.0938720703125,0.01337532980415028,13
23,1394,10362880,8,51.5145149230957,580.4,-0.0013525636082898091,0.1281321495608005,0.2,0.7615475058555603,8.993693236941965,0.08231575042009354,0.20611674338579178,0.0003,0.094482421875,0.013117750672484753,15
26,1392,10366976,9,50.31594467163086,568.984126984127,-0.0005570581753947066,0.13989316282056705,0.2,0.7910410165786743,8.994240998535487,0.08231192827224731,0.23132851719856262,0.0003,0.089111328125,0.012165016780517738,17
29,1396,10371072,10,51.4443473815918,574.8714285714286,-0.0013372176395389556,0.19301008279712695,0.2,0.760123610496521,8.994941821666087,0.08230651915073395,0.34097325801849365,0.0003,0.095458984375,0.013410732514185071,19
32,1400,10375168,11,51.455596923828125,574.4605263157895,-0.0015871926837960075,0.17516500256704604,0.2,0.8383394479751587,8.995747226436727,0.08229934424161911,0.3086690753698349,0.0003,0.1015625,0.01353976169590423,21
35,1402,10379264,12,52.66203689575195,582.329268292683,-0.0013331615784074958,0.17458214452285825,0.2,0.7420434951782227,8.99658913714672,0.08229202032089233,0.29974988102912903,0.0003,0.1011962890625,0.013869780738658143,23
37,1404,10383360,13,52.01021194458008,577.0111111111111,0.0006728909787579139,0.19379897062245569,0.2,0.8053174018859863,8.99741941520409,0.08228552341461182,0.33513735234737396,0.0003,0.135009765625,0.019693036264045248,25
40,1398,10387456,14,51.59386444091797,570.2886597938144,0.0030700825885078917,0.18788849076489225,0.2,0.8249162435531616,8.998289203022509,0.08227863907814026,0.31349557638168335,0.0003,0.1456298828125,0.022529394536530183,27
43,1404,10391552,15,52.64814376831055,579.44,0.002858801185593367,0.19760734810627686,0.2,0.7800846695899963,8.99919350963151,0.08227325975894928,0.3355831205844879,0.0003,0.1348876953125,0.022057927376236665,29
46,1407,10395648,16,53.978309631347656,584.96,0.002323115387253408,0.1438693492345384,0.2,0.7897419929504395,9.000267691547194,0.08226276934146881,0.2236766591668129,0.0003,0.1263427734375,0.019434953574828974,31
