time/time_elapsed,rollout/ep_rew_mean,time/total_timesteps,time/iterations,rollout/ep_len_mean,time/fps,train/clip_fraction,train/std,train/entropy_loss,train/learning_rate,train/loss,train/approx_kl,train/value_loss,train/policy_gradient_loss,train/n_updates,train/explained_variance,train/clip_range
2,26.37967300415039,10334208,1,567.2,1454,,,,,,,,,,,
6,6.510866641998291,10338304,2,448.92857142857144,1329,0.12223307291666667,0.0823357105255127,8.990759599278178,0.0003,0.19037475381542596,0.022105906820765114,0.39333080252011615,-0.006680566237940551,3,0.7746660113334656,0.2
9,22.604684829711914,10342400,3,535.9047619047619,1328,0.12654622395833334,0.08233344554901123,8.991188791961667,0.0003,0.22323405156952467,0.021681972872538584,0.4616874357064565,-0.005318550528157037,6,0.7005845308303833,0.2
12,19.072111129760742,10346496,4,552.8076923076923,1353,0.058349609375,0.0823332816362381,8.991542193350824,0.0003,0.1730519478126941,0.008651135203381653,0.29392433166503906,-0.003020804042348805,8,0.7592339515686035,0.2
15,21.888690948486328,10350592,5,564.6285714285714,1361,0.0638427734375,0.08233307301998138,8.99176973677983,0.0003,0.1861759996957206,0.008999948936270045,0.3480508178472519,-0.002819999364255488,10,0.7697075605392456,0.2
18,19.975418090820312,10354688,6,555.1951219512196,1364,0.0791015625,0.0823361799120903,8.99191933392504,0.0003,0.18297740528923775,0.010858894216361699,0.33225874602794647,-0.0031121676159737615,12,0.7305574417114258,0.2
20,24.916345596313477,10358784,7,571.4166666666666,1376,0.1038818359375,0.08233821392059326,8.992006957970526,0.0003,0.19562570460531895,0.016339357337765092,0.3434612303972244,-0.0012231833839395228,14,0.7683349251747131,0.2
23,24.1927547454834,10362880,8,561.9821428571429,1384,0.12353515625,0.08234164863824844,8.992102107674073,0.0003,0.18037090549584045,0.019958160577905126,0.2679852992296219,0.001069179044542414,16,0.82392418384552,0.2
26,25.50649642944336,10366976,9,568.3387096774194,1390,0.112060546875,0.08234044164419174,8.992328248504549,0.0003,0.19344411936577832,0.016195538643235544,0.3199429512023926,0.001614647228689601,18,0.8184835314750671,0.2
29,25.132204055786133,10371072,10,558.3521126760563,1384,0.1407470703125,0.08233712613582611,8.9928058273508,0.0003,0.17162608814751126,0.0195070607869679,0.27533482015132904,0.0008634228062532668,20,0.8066285848617554,0.2
32,23.686386108398438,10375168,11,559.4805194805194,1389,0.1170654296875,0.0823352187871933,8.99327410013187,0.0003,0.23569417227737394,0.016288406504597557,0.4166835695505142,0.001521826246807433,22,0.7980116009712219,0.2
35,23.26008415222168,10379264,12,556.448275862069,1394,0.1158447265625,0.08233460038900375,8.99362695478951,0.0003,0.21645306842945772,0.01814463190299072,0.3792683631181717,0.00035925444793368693,24,0.7781419157981873,0.2
38,22.592792510986328,10383360,13,558.3804347826087,1396,0.135009765625,0.08233089745044708,8.99414575251331,0.0003,0.1859068720227951,0.020662541394644407,0.31298205256462097,0.0024437667971792558,26,0.8564497232437134,0.2
41,23.15192222595215,10387456,14,565.2626262626262,1395,0.0802001953125,0.08232658356428146,8.994874614545756,0.0003,0.14729506444818308,0.011683463624234221,0.24115797877311707,0.0002899620206790769,28,0.7869337201118469,0.2
43,24.058443069458008,10391552,15,572.83,1397,0.0616455078125,0.082318976521492,8.995770863575032,0.0003,0.1169980845280344,0.008914254962057565,0.18428124487400055,-0.0001765720372312316,30,0.8179149031639099,0.2
46,25.632959365844727,10395648,16,589.32,1399,0.107421875,0.08231040835380554,8.996820827762834,0.0003,0.17000392190378052,0.01421626083592418,0.3010779470205307,-0.0011966436415493786,32,0.8629385828971863,0.2
