rollout/ep_len_mean,rollout/ep_rew_mean,time/fps,time/total_timesteps,time/iterations,time/time_elapsed,train/clip_range,train/approx_kl,train/std,train/n_updates,train/learning_rate,train/policy_gradient_loss,train/clip_fraction,train/value_loss,train/loss,train/entropy_loss,train/explained_variance
567.2,65.32611083984375,1438,10334208,1,2,,,,,,,,,,,
507.35714285714283,49.95806884765625,1391,10338304,2,5,0.2,0.003167592879278993,0.08233364671468735,5,3e-05,-0.003966125488936468,0.00439453125,0.3084023654460907,0.16867276996739822,8.990712835128885,0.7905283570289612
519.6666666666666,55.2288818359375,1359,10342400,3,9,0.2,0.0078069787410653645,0.08233196288347244,10,3e-05,-0.0039502958727158245,0.03095703125,0.3574777364730835,0.195289916993422,8.991032597644818,0.7457330226898193
538.7777777777778,57.908668518066406,1372,10346496,4,11,0.2,0.007879756869693685,0.08233065903186798,15,3e-05,-0.004196973759543642,0.031005859375,0.2460184633731842,0.13710272290379216,8.991212651525295,0.773139238357544
556.8571428571429,58.84768295288086,1379,10350592,5,14,0.2,0.005820927660820105,0.08232732862234116,20,3e-05,-0.0035164176056312244,0.01865234375,0.2579913079738617,0.14629573719732422,8.991451405950963,0.8174264430999756
563.439024390244,57.389286041259766,1383,10354688,6,17,0.2,0.00516241474228509,0.08232484757900238,25,3e-05,-0.002765771633949186,0.01650390625,0.35456283688545226,0.19645859314233774,8.991886227249221,0.7758069038391113
580.1875,60.29585647583008,1387,10358784,7,20,0.2,0.004761754068715191,0.08232647180557251,30,3e-05,-0.003678982210807805,0.011083984375,0.2778721034526825,0.15560852491435906,8.992152133725222,0.7691166996955872
596.2075471698113,64.72381591796875,1388,10362880,8,23,0.2,0.005537845575910749,0.08232896029949188,35,3e-05,-0.003173967839155149,0.016259765625,0.27603957056999207,0.15534086499743602,8.99209000277798,0.690162718296051
607.0862068965517,66.80803680419922,1390,10366976,9,26,0.2,0.0047576664357394105,0.08232453465461731,40,3e-05,-0.002762681736068219,0.011865234375,0.19835227131843566,0.11500193261957098,8.992271737669972,0.8386018872261047
617.328125,70.51885986328125,1387,10371072,10,29,0.2,0.006359545534243071,0.0823182463645935,45,3e-05,-0.004283130605416336,0.019140625,0.1879711002111435,0.10716976313699197,8.993017283015899,0.7245721817016602
619.2676056338029,70.16683197021484,1389,10375168,11,32,0.2,0.007044657954886961,0.08231372386217117,50,3e-05,-0.0035146819020643386,0.0259765625,0.2236177831888199,0.129694956851962,8.993796127576795,0.7687183022499084
623.4285714285714,71.07918548583984,1392,10379264,12,35,0.2,0.004503369227090265,0.08230724930763245,55,3e-05,-0.003069780954512303,0.01220703125,0.255241322517395,0.14723807302637387,8.994568393452024,0.815928041934967
628.439024390244,72.32952117919922,1391,10383360,13,38,0.2,0.006673158689930576,0.08230111747980118,60,3e-05,-0.0034296118024814844,0.0212890625,0.23319295644760132,0.13516120752031904,8.995496799661947,0.7898313403129578
622.4835164835165,73.14605712890625,1391,10387456,14,41,0.2,0.00832573411154921,0.08229488134384155,65,3e-05,-0.0038575603366982304,0.034423828125,0.2695024013519287,0.15313188555787227,8.9963041149711,0.7581366300582886
625.0824742268042,73.23268127441406,1394,10391552,15,44,0.2,0.00800208235689383,0.08228637278079987,70,3e-05,-0.0040350796548173145,0.031884765625,0.3354743421077728,0.1843216502951965,8.997147837302972,0.8327263593673706
616.33,72.15839385986328,1395,10395648,16,46,0.2,0.005667115945683197,0.08227715641260147,75,3e-05,-0.0029258821288505117,0.017919921875,0.3164309024810791,0.17733721343905717,8.998044052431606,0.779022216796875
