time/fps,rollout/ep_rew_mean,time/total_timesteps,time/iterations,time/time_elapsed,rollout/ep_len_mean,train/loss,train/approx_kl,train/learning_rate,train/n_updates,train/std,train/clip_range,train/entropy_loss,train/policy_gradient_loss,train/value_loss,train/explained_variance,train/clip_fraction
1446,65.32611083984375,10334208,1,2,567.2,,,,,,,,,,,
1431,44.8818473815918,10338304,2,5,471.57142857142856,0.21861133274196481,0.19510394563851155,0.0003,2,0.08232256770133972,0.2,8.99124732223062,0.02413650546510685,0.29987525939941406,0.7905283570289612,0.3624267578125
1431,51.78801727294922,10342400,3,8,532.65,0.27929709344305476,0.09832943582465392,0.0003,4,0.08230727910995483,0.2,8.992545879026679,0.017245175572901672,0.44878290593624115,0.7733831405639648,0.3013916015625
1404,60.640384674072266,10346496,4,11,565.0384615384615,0.17068012421682152,0.061369857006770556,0.0003,6,0.08229290693998337,0.2,8.993932222807416,0.009804561843109426,0.2550102323293686,0.7776451706886292,0.2562255859375
1405,60.91752243041992,10350592,5,14,575.2058823529412,0.1448502893105667,0.05808778662267362,0.0003,8,0.08228328078985214,0.2,8.99507500344842,0.010410334912728324,0.19696008414030075,0.7499631643295288,0.2623291015625
1413,54.97321701049805,10354688,6,17,557.0731707317074,0.2074062000433028,0.047563550661371384,0.0003,10,0.08227349817752838,0.2,8.995974796845546,0.0073997561139126896,0.33512772619724274,0.7655189037322998,0.22900390625
1416,57.06599044799805,10358784,7,20,572.8541666666666,0.2139305530624965,0.0427237746511098,0.0003,12,0.0822611153125763,0.2,8.996987270035229,0.007472645751528869,0.35072365403175354,0.7695837020874023,0.218505859375
1414,56.89079666137695,10362880,8,23,584.3207547169811,0.16968280981055106,0.01675048443052287,0.0003,14,0.08225016295909882,0.2,8.998030158857254,0.00024773397102359897,0.2874195724725723,0.7443997859954834,0.1136474609375
1404,60.074073791503906,10366976,9,26,600.0,0.14522451730944985,0.01652015964295004,0.0003,16,0.08224255591630936,0.2,8.998896484691777,-0.001126954339719309,0.2428864762187004,0.8071061372756958,0.1204833984375
1408,61.572715759277344,10371072,10,29,608.8461538461538,0.14110780773687578,0.02526116278794363,0.0003,18,0.08223482966423035,0.2,8.999656240339284,0.0015677310393361421,0.22240600734949112,0.6462859511375427,0.1640625
1411,61.38381576538086,10375168,11,31,603.1506849315068,0.1536996498034296,0.026705564290171926,0.0003,20,0.08223065733909607,0.2,9.000201047935207,0.0010348331995885733,0.25254735350608826,0.6777219176292419,0.1761474609375
1411,60.90563201904297,10379264,12,34,606.1139240506329,0.2102846400392766,0.01838738915393035,0.0003,22,0.0822269469499588,0.2,9.00057272922291,0.0018181091982817134,0.3652675747871399,0.7316728234291077,0.133544921875
1408,61.31532287597656,10383360,13,37,604.0574712643678,0.23247975810297064,0.02872952377414331,0.0003,24,0.08222449570894241,0.2,9.000925100106727,0.001660809324935932,0.40703004598617554,0.7431257963180542,0.179931640625
1409,58.97604751586914,10387456,14,40,590.3684210526316,0.16855812550524177,0.022036631793941906,0.0003,26,0.08222002536058426,0.2,9.001344981048817,0.001655875697457592,0.2834032028913498,0.6891288757324219,0.1396484375
1410,60.29658508300781,10391552,15,43,597.68,0.19666617221176005,0.01757506176062776,0.0003,28,0.08221464604139328,0.2,9.001892859596005,0.0008248028924545572,0.337406262755394,0.6430153250694275,0.1265869140625
1411,59.878173828125,10395648,16,46,604.35,0.15995192239901135,0.02126441130313003,0.0003,30,0.08221070468425751,0.2,9.002406502358944,0.0005013444422275245,0.26382288336753845,0.6155698299407959,0.14892578125
