time/iterations,rollout/ep_rew_mean,time/total_timesteps,rollout/ep_len_mean,time/fps,time/time_elapsed,train/learning_rate,train/clip_fraction,train/std,train/clip_range,train/policy_gradient_loss,train/approx_kl,train/loss,train/value_loss,train/n_updates,train/entropy_loss,train/explained_variance
1,65.32611083984375,10334208,567.2,1465,2,,,,,,,,,,,
2,41.845252990722656,10338304,446.73333333333335,1368,5,0.0003,0.124755859375,0.08233247697353363,0.2,-0.006744923461328503,0.022537789975285757,0.15619930237231672,0.29765207568804425,3,8.990867922586181,0.7905283570289612
3,54.838199615478516,10342400,509.6363636363636,1390,8,0.0003,0.07861328125,0.08232857286930084,0.2,-0.004193791209234713,0.010427119201297207,0.2210002810938952,0.4118078052997589,5,8.991445008711485,0.7533518671989441
4,61.223140716552734,10346496,536.2222222222222,1403,11,0.0003,0.126953125,0.08232486248016357,0.2,-4.823885531008874e-05,0.019482535368478486,0.14087529375810182,0.2362264096736908,7,8.99199926419773,0.7496680021286011
5,64.44388580322266,10350592,552.3333333333334,1403,14,0.0003,0.0517578125,0.08232221007347107,0.2,-4.000155803453526e-05,0.0077804299647071615,0.1300729682397059,0.21171313524246216,9,8.99251456096971,0.7919715046882629
6,62.8569450378418,10354688,558.8095238095239,1401,17,0.0003,0.064453125,0.0823177918791771,0.2,-0.0028758362650024624,0.00952358042194909,0.1510325731950381,0.2652027904987335,11,8.993036879478408,0.7689033150672913
7,64.27814483642578,10358784,567.125,1405,20,0.0003,0.082275390625,0.08231452107429504,0.2,-0.0017279296497648266,0.011602030698476384,0.22229632212972736,0.3976086676120758,13,8.99359228614685,0.6755828261375427
8,64.73152160644531,10362880,570.6181818181818,1411,23,0.0003,0.0565185546875,0.08231104910373688,0.2,-0.002337423135019067,0.008351613625548697,0.13290753578118675,0.22736398875713348,15,8.994137281510788,0.7859237790107727
9,66.62174224853516,10366976,577.311475409836,1407,26,0.0003,0.0633544921875,0.08230620622634888,0.2,-0.0027153678670789137,0.00929053995339183,0.2250342532149736,0.4096308499574661,17,8.994804729719483,0.7449445724487305
10,67.28707122802734,10371072,584.8970588235294,1410,29,0.0003,0.0794677734375,0.08230075240135193,0.2,-0.0008902624498229698,0.011865576040694152,0.1596716141286599,0.2709783464670181,19,8.995622362160184,0.733445405960083
11,68.68345642089844,10375168,593.4246575342465,1412,31,0.0003,0.0933837890625,0.08229579031467438,0.2,-0.0018311798683756117,0.01335950437279946,0.188045257852489,0.3301983028650284,21,8.99649509749443,0.7587801218032837
12,70.26979064941406,10379264,599.025,1403,35,0.0003,0.0982666015625,0.08228867501020432,0.2,-0.0013369065944275147,0.01358137348715958,0.15989515118165928,0.27756088972091675,23,8.997453024900585,0.7768102884292603
13,68.0315933227539,10383360,594.183908045977,1407,37,0.0003,0.1151123046875,0.0822829008102417,0.2,0.00035475723206597693,0.01946395967644264,0.18238058236513996,0.31125587224960327,25,8.99843241486755,0.6517701148986816
14,69.4677505493164,10387456,604.236559139785,1413,40,0.0003,0.115234375,0.08227596431970596,0.2,0.0019422566466963868,0.018641478433771536,0.2304040218465705,0.40995875000953674,27,8.999378110941185,0.8455923795700073
15,70.73658752441406,10391552,610.0510204081633,1411,43,0.0003,0.090087890625,0.08226938545703888,0.2,0.00034027871307815366,0.012911824823888982,0.14061531540791683,0.22755906730890274,29,9.000345586350624,0.5711225271224976
16,71.22306823730469,10395648,617.19,1408,46,0.0003,0.05712890625,0.08226107805967331,0.2,-0.0018242267549655263,0.00877000401283495,0.1326022246337242,0.22062965482473373,31,9.001405457407095,0.7244362235069275
