time/total_timesteps,time/iterations,rollout/ep_rew_mean,time/time_elapsed,rollout/ep_len_mean,time/fps,train/n_updates,train/value_loss,train/approx_kl,train/clip_fraction,train/entropy_loss,train/std,train/policy_gradient_loss,train/learning_rate,train/loss,train/explained_variance,train/clip_range
10334208,1,65.32611083984375,3,567.2,1166,,,,,,,,,,,
10338304,2,48.61801528930664,7,508.0769230769231,1142,5,0.28159629106521605,0.027969940683150493,0.223583984375,8.99127089524024,0.08232150971889496,-0.010049393328904341,0.0003,0.13552150521692333,0.7905283570289612,0.2
10342400,3,54.37278747558594,10,531.6363636363636,1132,10,0.3156742751598358,0.024956941553422735,0.224755859375,8.993879167874862,0.08228570967912674,-0.009934716911717106,0.0003,0.15489137163709532,0.8045231103897095,0.2
10346496,4,55.838932037353516,14,537.9629629629629,1129,15,0.3037294805049896,0.01791984654543849,0.140673828125,8.996799692106322,0.08228816092014313,-0.010327769520570323,0.0003,0.15109182290587,0.8075346946716309,0.2
10350592,5,57.809810638427734,17,575.6176470588235,1173,20,0.2646467387676239,0.02860015018674452,0.192822265625,8.996650007174006,0.08230362087488174,-0.01001574531469513,0.0003,0.13374509074281066,0.7662480473518372,0.2
10354688,6,52.72332000732422,20,549.0952380952381,1205,25,0.3282075643539429,0.019318661777774183,0.20185546875,8.995560822635339,0.08231654763221741,-0.006782720883596686,0.0003,0.16631253322582543,0.7004164457321167,0.2
10358784,7,58.809078216552734,23,569.3333333333334,1232,30,0.4425056755542755,0.02122964965975329,0.20244140625,8.99467745072796,0.08232863247394562,-0.00908847571158875,0.0003,0.22064955950583284,0.7472161054611206,0.2
10362880,8,61.70925521850586,26,579.6181818181818,1247,35,0.17323049008846284,0.025325027519703752,0.20859375,8.992995215415897,0.08236554265022278,-0.008815393472724867,0.0003,0.09895258944027206,0.7363075017929077,0.2
10366976,9,62.05398941040039,29,577.1147540983607,1249,40,0.29990717172622683,0.01916960470370742,0.2126953125,8.98975978366791,0.08241154253482819,-0.0077467042502827235,0.0003,0.1551586870907156,0.7334650754928589,0.2
10371072,10,63.632259368896484,32,582.5882352941177,1262,45,0.21775708496570587,0.024689925829013817,0.199072265625,8.987024239413254,0.08242741227149963,-0.010513065280297305,0.0003,0.10770130812323189,0.8342745900154114,0.2
10375168,11,62.70846939086914,35,574.7368421052631,1271,50,0.2817031741142273,0.026268178388257707,0.19755859375,8.986597295434331,0.08242122828960419,-0.00993678574638815,0.0003,0.14272567579040335,0.7597228288650513,0.2
10379264,12,62.23805618286133,38,569.5833333333334,1278,55,0.29988970160484313,0.02015547642030807,0.174267578125,8.988267611703659,0.08237558603286743,-0.01050716168120494,0.0003,0.1477820824173176,0.8188431859016418,0.2
10383360,13,62.36567306518555,41,570.1648351648352,1287,60,0.32587060928344724,0.02452834992537102,0.18994140625,8.992783548770493,0.08232180774211884,-0.01040406701217402,0.0003,0.15927036055313548,0.7785196900367737,0.2
10387456,14,62.38785934448242,44,567.2424242424242,1294,65,0.31805759072303774,0.027733715744404808,0.210986328125,8.997115508026447,0.08228453993797302,-0.005688800959312434,0.0003,0.168838364002492,0.8060989379882812,0.2
10391552,15,62.764381408691406,47,566.93,1292,70,0.331272554397583,0.022477991240875125,0.162109375,9.001083209907259,0.08221723884344101,-0.011501571558395166,0.0003,0.1540749276565636,0.8397302031517029,0.2
10395648,16,65.08181762695312,50,573.54,1286,75,0.3273809731006622,0.023815177764169776,0.202392578125,9.007561326526409,0.0821475014090538,-0.009825947165449664,0.0003,0.1696664085094279,0.8560560345649719,0.2
